{
  "0": {
    "LEFT-EYE-center": [419.0, 466.0],
    "LEFT-EYE-left": [372.0, 481.0],
    "LEFT-EYE-right": [477.0, 478.0],
    "LEFT-EYE-top": [424.0, 451.0],
    "LEFT-EYE-bottom": [424.0, 482.0],
    "RIGHT-EYE-center": [668.0, 477.0],
    "RIGHT-EYE-left": [617.0, 488.0],
    "RIGHT-EYE-right": [716.0, 483.0],
    "RIGHT-EYE-top": [667.0, 466.0],
    "RIGHT-EYE-bottom": [674.0, 506.0],
    "LEFT-EYEBROW-left": [353.0, 423.0],
    "LEFT-EYEBROW-center": [426.0, 407.0],
    "LEFT-EYEBROW-right": [492.0, 424.0],
    "RIGHT-EYEBROW-left": [615.0, 426.0],
    "RIGHT-EYEBROW-center": [676.0, 409.0],
    "RIGHT-EYEBROW-right": [743.0, 425.0],
    "MOUTH-left": [460.0, 755.0],
    "MOUTH-center": [555.0, 772.0],
    "MOUTH-right": [632.0, 763.0],
    "MOUTH-top": [555.0, 748.0],
    "MOUTH-bottom": [554.0, 800.0],
    "NOSE-left": [485.0, 639.0],
    "NOSE-right": [628.0, 657.0],
    "NOSE-bottom": [569.0, 695.0],
    "NOSE-tip": [572.0, 640.0],
    "HEAD-top": [499.0, 9.0],
    "HEAD-chin": [551.0, 946.0],
    "HEAD-left": [260.0, 583.0],
    "HEAD-right": [765.0, 628.0]
  },
  "1": {
    "LEFT-EYE-center": [419.0, 463.22222222222223],
    "LEFT-EYE-left": [372.1111111111111, 477.77777777777777],
    "LEFT-EYE-right": [476.44444444444446, 474.3333333333333],
    "LEFT-EYE-top": [423.22222222222223, 447.55555555555554],
    "LEFT-EYE-bottom": [423.77777777777777, 479.44444444444446],
    "RIGHT-EYE-center": [667.5555555555555, 474.3333333333333],
    "RIGHT-EYE-left": [617.0, 484.77777777777777],
    "RIGHT-EYE-right": [715.3333333333334, 481.44444444444446],
    "RIGHT-EYE-top": [667.4444444444445, 463.1111111111111],
    "RIGHT-EYE-bottom": [673.3333333333334, 502.1111111111111],
    "LEFT-EYEBROW-left": [348.55555555555554, 418.77777777777777],
    "LEFT-EYEBROW-center": [421.44444444444446, 399.6666666666667],
    "LEFT-EYEBROW-right": [490.22222222222223, 418.8888888888889],
    "RIGHT-EYEBROW-left": [614.7777777777778, 421.6666666666667],
    "RIGHT-EYEBROW-center": [678.8888888888889, 405.22222222222223],
    "RIGHT-EYEBROW-right": [745.0, 424.6666666666667],
    "MOUTH-left": [460.3333333333333, 749.0],
    "MOUTH-center": [554.7777777777778, 765.4444444444445],
    "MOUTH-right": [631.3333333333334, 756.1111111111111],
    "MOUTH-top": [554.6666666666666, 741.3333333333334],
    "MOUTH-bottom": [553.1111111111111, 794.2222222222222],
    "NOSE-left": [484.3333333333333, 631.4444444444445],
    "NOSE-right": [626.8888888888889, 648.0],
    "NOSE-bottom": [566.6666666666666, 685.0],
    "NOSE-tip": [570.1111111111111, 630.7777777777778],
    "HEAD-top": [499.55555555555554, 8.88888888888889],
    "HEAD-chin": [550.8888888888889, 941.1111111111111],
    "HEAD-left": [261.8888888888889, 583.2222222222222],
    "HEAD-right": [766.8888888888889, 624.4444444444445]
  },
  "2": {
    "LEFT-EYE-center": [419.0, 460.44444444444446],
    "LEFT-EYE-left": [372.22222222222223, 474.55555555555554],
    "LEFT-EYE-right": [475.8888888888889, 470.6666666666667],
    "LEFT-EYE-top": [422.44444444444446, 444.1111111111111],
    "LEFT-EYE-bottom": [423.55555555555554, 476.8888888888889],
    "RIGHT-EYE-center": [667.1111111111111, 471.6666666666667],
    "RIGHT-EYE-left": [617.0, 481.55555555555554],
    "RIGHT-EYE-right": [714.6666666666666, 479.8888888888889],
    "RIGHT-EYE-top": [667.8888888888889, 460.22222222222223],
    "RIGHT-EYE-bottom": [672.6666666666666, 498.22222222222223],
    "LEFT-EYEBROW-left": [344.1111111111111, 414.55555555555554],
    "LEFT-EYEBROW-center": [416.8888888888889, 392.3333333333333],
    "LEFT-EYEBROW-right": [488.44444444444446, 413.77777777777777],
    "RIGHT-EYEBROW-left": [614.5555555555555, 417.3333333333333],
    "RIGHT-EYEBROW-center": [681.7777777777778, 401.44444444444446],
    "RIGHT-EYEBROW-right": [747.0, 424.3333333333333],
    "MOUTH-left": [460.6666666666667, 743.0],
    "MOUTH-center": [554.5555555555555, 758.8888888888889],
    "MOUTH-right": [630.6666666666666, 749.2222222222222],
    "MOUTH-top": [554.3333333333334, 734.6666666666666],
    "MOUTH-bottom": [552.2222222222222, 788.4444444444445],
    "NOSE-left": [483.6666666666667, 623.8888888888889],
    "NOSE-right": [625.7777777777778, 639.0],
    "NOSE-bottom": [564.3333333333334, 675.0],
    "NOSE-tip": [568.2222222222222, 621.5555555555555],
    "HEAD-top": [500.1111111111111, 8.777777777777779],
    "HEAD-chin": [550.7777777777778, 936.2222222222222],
    "HEAD-left": [263.77777777777777, 583.4444444444445],
    "HEAD-right": [768.7777777777778, 620.8888888888889]
  },
  "3": {
    "LEFT-EYE-center": [419.0, 457.6666666666667],
    "LEFT-EYE-left": [372.3333333333333, 471.3333333333333],
    "LEFT-EYE-right": [475.3333333333333, 467.0],
    "LEFT-EYE-top": [421.6666666666667, 440.6666666666667],
    "LEFT-EYE-bottom": [423.3333333333333, 474.3333333333333],
    "RIGHT-EYE-center": [666.6666666666666, 469.0],
    "RIGHT-EYE-left": [617.0, 478.3333333333333],
    "RIGHT-EYE-right": [714.0, 478.3333333333333],
    "RIGHT-EYE-top": [668.3333333333334, 457.3333333333333],
    "RIGHT-EYE-bottom": [672.0, 494.3333333333333],
    "LEFT-EYEBROW-left": [339.6666666666667, 410.3333333333333],
    "LEFT-EYEBROW-center": [412.3333333333333, 385.0],
    "LEFT-EYEBROW-right": [486.6666666666667, 408.6666666666667],
    "RIGHT-EYEBROW-left": [614.3333333333334, 413.0],
    "RIGHT-EYEBROW-center": [684.6666666666666, 397.6666666666667],
    "RIGHT-EYEBROW-right": [749.0, 424.0],
    "MOUTH-left": [461.0, 737.0],
    "MOUTH-center": [554.3333333333334, 752.3333333333334],
    "MOUTH-right": [630.0, 742.3333333333334],
    "MOUTH-top": [554.0, 728.0],
    "MOUTH-bottom": [551.3333333333334, 782.6666666666666],
    "NOSE-left": [483.0, 616.3333333333334],
    "NOSE-right": [624.6666666666666, 630.0],
    "NOSE-bottom": [562.0, 665.0],
    "NOSE-tip": [566.3333333333334, 612.3333333333334],
    "HEAD-top": [500.6666666666667, 8.666666666666666],
    "HEAD-chin": [550.6666666666666, 931.3333333333334],
    "HEAD-left": [265.6666666666667, 583.6666666666666],
    "HEAD-right": [770.6666666666666, 617.3333333333334]
  },
  "4": {
    "LEFT-EYE-center": [419.0, 454.8888888888889],
    "LEFT-EYE-left": [372.44444444444446, 468.1111111111111],
    "LEFT-EYE-right": [474.77777777777777, 463.3333333333333],
    "LEFT-EYE-top": [420.8888888888889, 437.22222222222223],
    "LEFT-EYE-bottom": [423.1111111111111, 471.77777777777777],
    "RIGHT-EYE-center": [666.2222222222222, 466.3333333333333],
    "RIGHT-EYE-left": [617.0, 475.1111111111111],
    "RIGHT-EYE-right": [713.3333333333334, 476.77777777777777],
    "RIGHT-EYE-top": [668.7777777777778, 454.44444444444446],
    "RIGHT-EYE-bottom": [671.3333333333334, 490.44444444444446],
    "LEFT-EYEBROW-left": [335.22222222222223, 406.1111111111111],
    "LEFT-EYEBROW-center": [407.77777777777777, 377.6666666666667],
    "LEFT-EYEBROW-right": [484.8888888888889, 403.55555555555554],
    "RIGHT-EYEBROW-left": [614.1111111111111, 408.6666666666667],
    "RIGHT-EYEBROW-center": [687.5555555555555, 393.8888888888889],
    "RIGHT-EYEBROW-right": [751.0, 423.6666666666667],
    "MOUTH-left": [461.3333333333333, 731.0],
    "MOUTH-center": [554.1111111111111, 745.7777777777778],
    "MOUTH-right": [629.3333333333334, 735.4444444444445],
    "MOUTH-top": [553.6666666666666, 721.3333333333334],
    "MOUTH-bottom": [550.4444444444445, 776.8888888888889],
    "NOSE-left": [482.3333333333333, 608.7777777777778],
    "NOSE-right": [623.5555555555555, 621.0],
    "NOSE-bottom": [559.6666666666666, 655.0],
    "NOSE-tip": [564.4444444444445, 603.1111111111111],
    "HEAD-top": [501.22222222222223, 8.555555555555555],
    "HEAD-chin": [550.5555555555555, 926.4444444444445],
    "HEAD-left": [267.55555555555554, 583.8888888888889],
    "HEAD-right": [772.5555555555555, 613.7777777777778]
  },
  "5": {
    "LEFT-EYE-center": [419.0, 452.1111111111111],
    "LEFT-EYE-left": [372.55555555555554, 464.8888888888889],