{"0": {"LEFT-EYE-center": [420.0, 466.0], "LEFT-EYE-left": [370.0, 477.0], "LEFT-EYE-right": [474.0, 477.0], "LEFT-EYE-top": [417.0, 445.0], "LEFT-EYE-bottom": [421.0, 490.0], "RIGHT-EYE-center": [667.0, 477.0], "RIGHT-EYE-left": [615.0, 488.0], "RIGHT-EYE-right": [713.0, 487.0], "RIGHT-EYE-top": [671.0, 464.0], "RIGHT-EYE-bottom": [675.0, 505.0], "LEFT-EYEBROW-left": [339.0, 417.0], "LEFT-EYEBROW-center": [432.0, 406.0], "LEFT-EYEBROW-right": [500.0, 424.0], "RIGHT-EYEBROW-left": [620.0, 426.0], "RIGHT-EYEBROW-center": [675.0, 408.0], "RIGHT-EYEBROW-right": [745.0, 427.0], "MOUTH-left": [463.0, 754.0], "MOUTH-center": [550.0, 762.0], "MOUTH-right": [635.0, 759.0], "MOUTH-top": [552.0, 740.0], "MOUTH-bottom": [544.0, 807.0], "NOSE-left": [491.0, 642.0], "NOSE-right": [631.0, 657.0], "NOSE-bottom": [571.0, 693.0], "NOSE-tip": [574.0, 642.0], "HEAD-top": [519.0, 4.0], "HEAD-chin": [540.0, 947.0], "HEAD-left": [257.0, 593.0], "HEAD-right": [769.0, 629.0], "corner-tl": [0.0, 0.0], "corner-tr": [1000.0, 0.0], "corner-bl": [0.0, 1000.0], "corner-br": [1000.0, 1000.0]}, "1": {"LEFT-EYE-center": [419.55555555555554, 462.44444444444446], "LEFT-EYE-left": [370.1111111111111, 474.22222222222223], "LEFT-EYE-right": [473.55555555555554, 473.1111111111111], "LEFT-EYE-top": [416.55555555555554, 442.3333333333333], "LEFT-EYE-bottom": [420.8888888888889, 486.6666666666667], "RIGHT-EYE-center": [667.2222222222222, 474.3333333333333], "RIGHT-EYE-left": [615.1111111111111, 484.77777777777777], "RIGHT-EYE-right": [713.0, 485.1111111111111], "RIGHT-EYE-top": [670.8888888888889, 460.8888888888889], "RIGHT-EYE-bottom": [674.2222222222222, 501.6666666666667], "LEFT-EYEBROW-left": [336.1111111111111, 413.44444444444446], "LEFT-EYEBROW-center": [425.6666666666667, 398.0], "LEFT-EYEBROW-right": [496.8888888888889, 417.3333333333333], "RIGHT-EYEBROW-left": [618.2222222222222, 421.22222222222223], "RIGHT-EYEBROW-center": [677.2222222222222, 403.77777777777777], "RIGHT-EYEBROW-right": [746.5555555555555, 426.77777777777777], "MOUTH-left": [462.77777777777777, 747.6666666666666], "MOUTH-center": [549.3333333333334, 755.5555555555555], "MOUTH-right": [634.1111111111111, 752.8888888888889], "MOUTH-top": [550.8888888888889, 732.6666666666666], "MOUTH-bottom": [544.3333333333334, 800.5555555555555], "NOSE-left": [489.3333333333333, 633.8888888888889], "NOSE-right": [629.0, 647.7777777777778], "NOSE-bottom": [568.4444444444445, 683.3333333333334], "NOSE-tip": [571.1111111111111, 633.0], "HEAD-top": [519.8888888888889, 4.0], "HEAD-chin": [541.0, 942.3333333333334], "HEAD-left": [257.8888888888889, 588.6666666666666], "HEAD-right": [770.0, 622.6666666666666], "corner-tl": [0.0, 0.0], "corner-tr": [1000.0, 0.0], "corner-bl": [0.0, 1000.0], "corner-br": [1000.0, 1000.0]}, "2": {"LEFT-EYE-center": [419.1111111111111, 458.8888888888889], "LEFT-EYE-left": [370.22222222222223, 471.44444444444446], "LEFT-EYE-right": [473.1111111111111, 469.22222222222223], "LEFT-EYE-top": [416.1111111111111, 439.6666666666667], "LEFT-EYE-bottom": [420.77777777777777, 483.3333333333333], "RIGHT-EYE-center": [667.4444444444445, 471.6666666666667], "RIGHT-EYE-left": [615.2222222222222, 481.55555555555554], "RIGHT-EYE-right": [713.0, 483.22222222222223], "RIGHT-EYE-top": [670.7777777777778, 457.77777777777777], "RIGHT-EYE-bottom": [673.4444444444445, 498.3333333333333], "LEFT-EYEBROW-left": [333.22222222222223, 409.8888888888889], "LEFT-EYEBROW-center": [419.3333333333333, 390.0], "LEFT-EYEBROW-right": [493.77777777777777, 410.6666666666667], "RIGHT-EYEBROW-left": [616.4444444444445, 416.44444444444446], "RIGHT-EYEBROW-center": [679.4444444444445, 399.55555555555554], "RIGHT-EYEBROW-right": [748.1111111111111, 426.55555555555554], "MOUTH-left": [462.55555555555554, 741.3333333333334], "MOUTH-center": [548.6666666666666, 749.1111111111111], "MOUTH-right": [633.2222222222222, 746.7777777777778], "MOUTH-top": [549.7777777777778, 725.3333333333334], "MOUTH-bottom": [544.6666666666666, 794.1111111111111], "NOSE-left": [487.6666666666667, 625.7777777777778], "NOSE-right": [627.0, 638.5555555555555], "NOSE-bottom": [565.8888888888889, 673.6666666666666], "NOSE-tip": [568.2222222222222, 624.0], "HEAD-top": [520.7777777777778, 4.0], "HEAD-chin": [542.0, 937.6666666666666], "HEAD-left": [258.77777777777777, 584.3333333333334], "HEAD-right": [771.0, 616.3333333333334], "corner-tl": [0.0, 0.0], "corner-tr": [1000.0, 0.0], "corner-bl": [0.0, 1000.0], "corner-br": [1000.0, 1000.0]}, "3": {"LEFT-EYE-center": [418.6666666666667, 455.3333333333333], "LEFT-EYE-left": [370.3333333333333, 468.6666666666667], "LEFT-EYE-right": [472.6666666666667, 465.3333333333333], "LEFT-EYE-top": [415.6666666666667, 437.0], "LEFT-EYE-bottom": [420.6666666666667, 480.0], "RIGHT-EYE-center": [667.6666666666666, 469.0], "RIGHT-EYE-left": [615.3333333333334, 478.3333333333333], "RIGHT-EYE-right": [713.0, 481.3333333333333], "RIGHT-EYE-top": [670.6666666666666, 454.6666666666667], "RIGHT-EYE-bottom": [672.6666666666666, 495.0], "LEFT-EYEBROW-left": [330.3333333333333, 406.3333333333333], "LEFT-EYEBROW-center": [413.0, 382.0], "LEFT-EYEBROW-right": [490.6666666666667, 404.0], "RIGHT-EYEBROW-left": [614.6666666666666, 411.6666666666667], "RIGHT-EYEBROW-center": [681.6666666666666, 395.3333333333333], "RIGHT-EYEBROW-right": [749.6666666666666, 426.3333333333333], "MOUTH-left": [462.3333333333333, 735.0], "MOUTH-center": [548.0, 742.6666666666666], "MOUTH-right": [632.3333333333334, 740.6666666666666], "MOUTH-top": [548.6666666666666, 718.0], "MOUTH-bottom": [545.0, 787.6666666666666], "NOSE-left": [486.0, 617.6666666666666], "NOSE-right": [625.0, 629.3333333333334], "NOSE-bottom": [563.3333333333334, 664.0], "NOSE-tip": [565.3333333333334, 615.0], "HEAD-top": [521.6666666666666, 4.0], "HEAD-chin": [543.0, 933.0], "HEAD-left": [259.6666666666667, 580.0], "HEAD-right": [772.0, 610.0], "corner-tl": [0.0, 0.0], "corner-tr": [1000.0, 0.0], "corner-bl": [0.0, 1000.0], "corner-br": [1000.0, 1000.0]}, "4": {"LEFT-EYE-center": [418.22222222222223, 451.77777777777777], "LEFT-EYE-left": [370.44444444444446, 465.8888888888889], "LEFT-EYE-right": [472.22222222222223, 461.44444444444446], "LEFT-EYE-top": [415.22222222222223, 434.3333333333333], "LEFT-EYE-bottom": [420.55555555555554, 476.6666666666667], "RIGHT-EYE-center": [667.8888888888889, 466.3333333333333], "RIGHT-EYE-left": [615.4444444444445, 475.1111111111111], "RIGHT-EYE-right": [713.0, 479.44444444444446], "RIGHT-EYE-top": [670.5555555555555, 451.55555555555554], "RIGHT-EYE-bottom": [671.8888888888889, 491.6666666666667], "LEFT-EYEBROW-left": [327.44444444444446, 402.77777777777777], "LEFT-EYEBROW-center": [406.6666666666667, 374.0], "LEFT-EYEBROW-right": [487.55555555555554, 397.3333333333333], "RIGHT-EYEBROW-left": [612.8888888888889, 406.8888888888889], "RIGHT-EYEBROW-center": [683.8888888888889, 391.1111111111111], "RIGHT-EYEBROW-right": [751.2222222222222, 426.1111111111111], "MOUTH-left": [462.1111111111111, 728.6666666666666], "MOUTH-center": [547.3333333333334, 736.2222222222222], "MOUTH-right": [631.4444444444445, 734.5555555555555], "MOUTH-top": [547.5555555555555, 710.6666666666666], "MOUTH-bottom": [545.3333333333334, 781.2222222222222], "NOSE-left": [484.3333333333333, 609.5555555555555], "NOSE-right": [623.0, 620.1111111111111], "NOSE-bottom": [560.7777777777778, 654.3333333333334], "NOSE-tip": [562.4444444444445, 606.0], "HEAD-top": [522.5555555555555, 4.0], "HEAD-chin": [544.0, 928.3333333333334], "HEAD-left": [260.55555555555554, 575.6666666666666], "HEAD-right": [773.0, 603.6666666666666], "corner-tl": [0.0, 0.0], "corner-tr": [1000.0, 0.0], "corner-bl": [0.0, 1000.0], "corner-br": [1000.0, 1000.0]}, "5": {"LEFT-EYE-center": [417.77777777777777, 448.22222222222223], "LEFT-EYE-left": [370.55555555555554, 463.1111111111111], "LEFT-EYE-right": [471.77777777777777, 457.55555555555554], "LEFT-EYE-top": [414.77777777777777, 431.6666666666667],